{
  "version": 1,
  "author": "Uri Shaked",
  "editor": "wokwi",
  "parts": [
    {
      "type": "wokwi-esp32-devkit-v1",
      "id": "esp",
      "top": 14.3,
      "left": -5,
      "attrs": { "env": "micropython-20220618-v1.19.1" }
    },
    {
      "type": "wokwi-led",
      "id": "led1",
      "top": 54,
      "left": 129,
      "attrs": { "color": "yellow", "flip": "1" }
    },
    {
      "type": "wokwi-resistor",
      "id": "r1",
      "top": 129.6,
      "left": 124.25,
      "rotate": 90,
      "attrs": { "value": "1000" }
    },
    {
      "type": "wokwi-resistor",
      "id": "r2",
      "top": 129.6,
      "left": 153.05,
      "rotate": 90,
      "attrs": { "value": "1000" }
    },
    {
      "type": "wokwi-led",
      "id": "led2",
      "top": 54,
      "left": 157.8,
      "attrs": { "color": "red", "flip": "1" }
    }
  ],
  "connections": [
    [ "esp:TX0", "$serialMonitor:RX", "", [] ],
    [ "esp:RX0", "$serialMonitor:TX", "", [] ],
    [ "led1:C", "r1:1", "black", [ "v0" ] ],
    [ "esp:GND.1", "r1:2", "black", [ "h0" ] ],
    [ "led1:A", "esp:D4", "gold", [ "v0" ] ],
    [ "r2:2", "r1:2", "black", [ "h0" ] ],
    [ "led2:C", "r2:1", "green", [ "v0" ] ],
    [ "led2:A", "esp:D2", "red", [ "v0" ] ]
  ],
  "dependencies": {}
}