{
  "version": 1,
  "author": "Oscar Mauricio Cabezas Riascos",
  "editor": "wokwi",
  "parts": [
    { "type": "board-esp32-devkit-c-v4", "id": "esp", "top": 0, "left": 0, "attrs": {} },
    {
      "type": "wokwi-led",
      "id": "led1",
      "top": 8.4,
      "left": 112.2,
      "rotate": 90,
      "attrs": { "color": "yellow" }
    }
  ],
  "connections": [
    [ "esp:TX", "$serialMonitor:RX", "", [] ],
    [ "esp:RX", "$serialMonitor:TX", "", [] ],
    [ "led1:C", "esp:GND.2", "black", [ "v0" ] ],
    [ "led1:A", "esp:4", "orange", [ "v105.6", "h-14.44" ] ]
  ],
  "dependencies": {}
}