{
  "version": 1,
  "author": "Uri Shaked",
  "editor": "wokwi",
  "parts": [
    {
      "type": "board-esp32-devkit-c-v4",
      "id": "esp",
      "top": -9.6,
      "left": -129.56,
      "attrs": { "env": "micropython-20231005-v1.21.0" }
    },
    {
      "type": "wokwi-led",
      "id": "led1",
      "top": -32.4,
      "left": -188.2,
      "attrs": { "color": "red" }
    },
    {
      "type": "wokwi-led",
      "id": "led2",
      "top": -32.4,
      "left": -226.6,
      "attrs": { "color": "red" }
    },
    {
      "type": "wokwi-led",
      "id": "led3",
      "top": -32.4,
      "left": 33,
      "attrs": { "color": "orange", "flip": "1" }
    },
    {
      "type": "wokwi-led",
      "id": "led4",
      "top": -32.4,
      "left": -5.8,
      "attrs": { "color": "orange", "flip": "1" }
    },
    { "type": "wokwi-slide-switch", "id": "sw1", "top": 100.4, "left": 137.5, "attrs": {} },
    { "type": "wokwi-slide-switch", "id": "sw2", "top": 158, "left": 175.9, "attrs": {} }
  ],
  "connections": [
    [ "esp:TX", "$serialMonitor:RX", "", [] ],
    [ "esp:RX", "$serialMonitor:TX", "", [] ],
    [ "sw1:1", "esp:4", "magenta", [ "h-57.6", "v-28.8" ] ],
    [ "sw1:2", "esp:GND.3", "black", [ "v9.6", "h-95.9", "v-67.2" ] ],
    [ "led4:A", "esp:19", "gold", [ "v0" ] ],
    [ "led3:A", "esp:18", "gold", [ "v0" ] ],
    [ "led4:C", "esp:GND.3", "black", [ "v0" ] ],
    [ "led3:C", "esp:GND.3", "black", [ "v0" ] ],
    [ "led1:A", "esp:25", "red", [ "v0" ] ],
    [ "led2:A", "esp:26", "red", [ "v0" ] ],
    [ "led1:C", "esp:GND.1", "black", [ "v0" ] ],
    [ "led2:C", "esp:GND.1", "black", [ "v0" ] ],
    [ "sw2:2", "esp:GND.3", "black", [ "v9.6", "h-134.3", "v-124.8" ] ],
    [ "sw2:1", "esp:16", "purple", [ "h-144", "v-67.2" ] ]
  ],
  "dependencies": {}
}