{
  "version": 1,
  "author": "Uri Shaked",
  "editor": "wokwi",
  "parts": [
    { "type": "board-esp32-devkit-c-v4", "id": "esp", "top": -37.58, "left": -96.37, "attrs": {} },
    {
      "type": "wokwi-pushbutton",
      "id": "btn1",
      "top": 92.6,
      "left": -182.4,
      "attrs": { "color": "green", "xray": "1" }
    },
    { "type": "wokwi-led", "id": "led1", "top": 6, "left": 13.4, "attrs": { "color": "red" } }
  ],
  "connections": [
    [ "esp:TX", "$serialMonitor:RX", "", [] ],
    [ "esp:RX", "$serialMonitor:TX", "", [] ],
    [ "led1:C", "esp:GND.3", "black", [ "v0" ] ],
    [ "led1:A", "esp:4", "red", [ "v0" ] ],
    [ "esp:14", "btn1:1.r", "green", [ "h0" ] ],
    [ "btn1:2.r", "esp:GND.1", "black", [ "h0" ] ]
  ],
  "dependencies": {}
}