{
  "version": 1,
  "author": "Uri Shaked",
  "editor": "wokwi",
  "parts": [
    { "type": "board-esp32-devkit-c-v4", "id": "esp", "top": 0, "left": -4.76, "attrs": {} },
    {
      "type": "wokwi-led",
      "id": "led1",
      "top": 44.4,
      "left": 147.8,
      "attrs": { "color": "red", "flip": "" }
    },
    {
      "type": "wokwi-pushbutton",
      "id": "btn1",
      "top": 121.4,
      "left": -115.2,
      "attrs": { "color": "green", "xray": "1", "bounce": "0" }
    },
    {
      "type": "wokwi-pushbutton",
      "id": "btn2",
      "top": 169.4,
      "left": -96,
      "attrs": { "color": "green", "xray": "1", "bounce": "0" }
    }
  ],
  "connections": [
    [ "esp:TX", "$serialMonitor:RX", "", [] ],
    [ "esp:RX", "$serialMonitor:TX", "", [] ],
    [ "led1:C", "esp:GND.3", "green", [ "v0" ] ],
    [ "led1:A", "esp:4", "red", [ "v0" ] ],
    [ "btn1:1.r", "esp:14", "green", [ "v0" ] ],
    [ "btn1:2.r", "esp:GND.1", "black", [ "h0" ] ],
    [ "btn2:1.r", "esp:12", "green", [ "v0" ] ],
    [ "btn2:2.r", "esp:GND.1", "black", [ "h0" ] ]
  ],
  "dependencies": {}
}