{
  "version": 1,
  "author": "Oscar Mauricio Cabezas Riascos",
  "editor": "wokwi",
  "parts": [
    {
      "type": "board-esp32-devkit-c-v4",
      "id": "esp",
      "top": 0,
      "left": 0,
      "attrs": { "env": "micropython-20231227-v1.22.0" }
    },
    {
      "type": "wokwi-mpu6050",
      "id": "imu1",
      "top": 31.78,
      "left": 175.72,
      "rotate": 270,
      "attrs": {}
    }
  ],
  "connections": [
    [ "esp:TX", "$serialMonitor:RX", "", [] ],
    [ "esp:RX", "$serialMonitor:TX", "", [] ],
    [ "imu1:SDA", "esp:21", "green", [ "h0" ] ],
    [ "imu1:SCL", "esp:22", "green", [ "h0" ] ],
    [ "imu1:GND", "esp:GND.2", "black", [ "h0" ] ],
    [ "imu1:VCC", "esp:5V", "red", [ "v-38.48", "h-220.8", "v211.2" ] ]
  ],
  "dependencies": {}
}